,mean,mean_se,mean_ci_lower,mean_ci_upper,obs_ci_lower,obs_ci_upper
0,0.04939999999999996,,,,,
1,0.09439999999999989,,,,,
2,0.07829999999999988,,,,,
3,0.05489999999999991,,,,,
4,0.07059999999999994,,,,,
5,0.06339999999999996,,,,,
6,0.07339999999999992,,,,,
7,0.04719999999999992,,,,,
8,0.03476019659895138,,,,,
9,0.04190913809994898,,,,,
10,0.06408723738355417,,,,,
11,0.07006726829147795,,,,,
